id,name,koreanname,height,weight,types,img-url,gif-url
1,bulbasaur,이상해씨,7,69,"['grass', 'poison']",https://raw.githubusercontent.com/PokeAPI/sprites/master/sprites/pokemon/1.png,https://raw.githubusercontent.com/PokeAPI/sprites/master/sprites/pokemon/other/showdown/1.gif
2,ivysaur,이상해풀,10,130,"['grass', 'poison']",https://raw.githubusercontent.com/PokeAPI/sprites/master/sprites/pokemon/2.png,https://raw.githubusercontent.com/PokeAPI/sprites/master/sprites/pokemon/other/showdown/2.gif
3,venusaur,이상해꽃,20,1000,"['grass', 'poison']",https://raw.githubusercontent.com/PokeAPI/sprites/master/sprites/pokemon/3.png,https://raw.githubusercontent.com/PokeAPI/sprites/master/sprites/pokemon/other/showdown/3.gif
4,charmander,파이리,6,85,['fire'],https://raw.githubusercontent.com/PokeAPI/sprites/master/sprites/pokemon/4.png,https://raw.githubusercontent.com/PokeAPI/sprites/master/sprites/pokemon/other/showdown/4.gif
5,charmeleon,리자드,11,190,['fire'],https://raw.githubusercontent.com/PokeAPI/sprites/master/sprites/pokemon/5.png,https://raw.githubusercontent.com/PokeAPI/sprites/master/sprites/pokemon/other/showdown/5.gif
6,charizard,리자몽,17,905,"['fire', 'flying']",https://raw.githubusercontent.com/PokeAPI/sprites/master/sprites/pokemon/6.png,https://raw.githubusercontent.com/PokeAPI/sprites/master/sprites/pokemon/other/showdown/6.gif
7,squirtle,꼬부기,5,90,['water'],https://raw.githubusercontent.com/PokeAPI/sprites/master/sprites/pokemon/7.png,https://raw.githubusercontent.com/PokeAPI/sprites/master/sprites/pokemon/other/showdown/7.gif
8,wartortle,어니부기,10,225,['water'],https://raw.githubusercontent.com/PokeAPI/sprites/master/sprites/pokemon/8.png,https://raw.githubusercontent.com/PokeAPI/sprites/master/sprites/pokemon/other/showdown/8.gif
9,blastoise,거북왕,16,855,['water'],https://raw.githubusercontent.com/PokeAPI/sprites/master/sprites/pokemon/9.png,https://raw.githubusercontent.com/PokeAPI/sprites/master/sprites/pokemon/other/showdown/9.gif
10,caterpie,캐터피,3,29,['bug'],https://raw.githubusercontent.com/PokeAPI/sprites/master/sprites/pokemon/10.png,https://raw.githubusercontent.com/PokeAPI/sprites/master/sprites/pokemon/other/showdown/10.gif
11,metapod,단데기,7,99,['bug'],https://raw.githubusercontent.com/PokeAPI/sprites/master/sprites/pokemon/11.png,https://raw.githubusercontent.com/PokeAPI/sprites/master/sprites/pokemon/other/showdown/11.gif
12,butterfree,버터플,11,320,"['bug', 'flying']",https://raw.githubusercontent.com/PokeAPI/sprites/master/sprites/pokemon/12.png,https://raw.githubusercontent.com/PokeAPI/sprites/master/sprites/pokemon/other/showdown/12.gif
13,weedle,뿔충이,3,32,"['bug', 'poison']",https://raw.githubusercontent.com/PokeAPI/sprites/master/sprites/pokemon/13.png,https://raw.githubusercontent.com/PokeAPI/sprites/master/sprites/pokemon/other/showdown/13.gif
14,kakuna,딱충이,6,100,"['bug', 'poison']",https://raw.githubusercontent.com/PokeAPI/sprites/master/sprites/pokemon/14.png,https://raw.githubusercontent.com/PokeAPI/sprites/master/sprites/pokemon/other/showdown/14.gif
15,beedrill,독침붕,10,295,"['bug', 'poison']",https://raw.githubusercontent.com/PokeAPI/sprites/master/sprites/pokemon/15.png,https://raw.githubusercontent.com/PokeAPI/sprites/master/sprites/pokemon/other/showdown/15.gif
16,pidgey,구구,3,18,"['normal', 'flying']",https://raw.githubusercontent.com/PokeAPI/sprites/master/sprites/pokemon/16.png,https://raw.githubusercontent.com/PokeAPI/sprites/master/sprites/pokemon/other/showdown/16.gif
17,pidgeotto,피죤,11,300,"['normal', 'flying']",https://raw.githubusercontent.com/PokeAPI/sprites/master/sprites/pokemon/17.png,https://raw.githubusercontent.com/PokeAPI/sprites/master/sprites/pokemon/other/showdown/17.gif
18,pidgeot,피죤투,15,395,"['normal', 'flying']",https://raw.githubusercontent.com/PokeAPI/sprites/master/sprites/pokemon/18.png,https://raw.githubusercontent.com/PokeAPI/sprites/master/sprites/pokemon/other/showdown/18.gif
19,rattata,꼬렛,3,35,['normal'],https://raw.githubusercontent.com/PokeAPI/sprites/master/sprites/pokemon/19.png,https://raw.githubusercontent.com/PokeAPI/sprites/master/sprites/pokemon/other/showdown/19.gif
20,raticate,레트라,7,185,['normal'],https://raw.githubusercontent.com/PokeAPI/sprites/master/sprites/pokemon/20.png,https://raw.githubusercontent.com/PokeAPI/sprites/master/sprites/pokemon/other/showdown/20.gif
21,spearow,깨비참,3,20,"['normal', 'flying']",https://raw.githubusercontent.com/PokeAPI/sprites/master/sprites/pokemon/21.png,https://raw.githubusercontent.com/PokeAPI/sprites/master/sprites/pokemon/other/showdown/21.gif
22,fearow,깨비드릴조,12,380,"['normal', 'flying']",https://raw.githubusercontent.com/PokeAPI/sprites/master/sprites/pokemon/22.png,https://raw.githubusercontent.com/PokeAPI/sprites/master/sprites/pokemon/other/showdown/22.gif
23,ekans,아보,20,69,['poison'],https://raw.githubusercontent.com/PokeAPI/sprites/master/sprites/pokemon/23.png,https://raw.githubusercontent.com/PokeAPI/sprites/master/sprites/pokemon/other/showdown/23.gif
24,arbok,아보크,35,650,['poison'],https://raw.githubusercontent.com/PokeAPI/sprites/master/sprites/pokemon/24.png,https://raw.githubusercontent.com/PokeAPI/sprites/master/sprites/pokemon/other/showdown/24.gif
25,pikachu,피카츄,4,60,['electric'],https://raw.githubusercontent.com/PokeAPI/sprites/master/sprites/pokemon/25.png,https://raw.githubusercontent.com/PokeAPI/sprites/master/sprites/pokemon/other/showdown/25.gif
26,raichu,라이츄,8,300,['electric'],https://raw.githubusercontent.com/PokeAPI/sprites/master/sprites/pokemon/26.png,https://raw.githubusercontent.com/PokeAPI/sprites/master/sprites/pokemon/other/showdown/26.gif
27,sandshrew,모래두지,6,120,['ground'],https://raw.githubusercontent.com/PokeAPI/sprites/master/sprites/pokemon/27.png,https://raw.githubusercontent.com/PokeAPI/sprites/master/sprites/pokemon/other/showdown/27.gif
28,sandslash,고지,10,295,['ground'],https://raw.githubusercontent.com/PokeAPI/sprites/master/sprites/pokemon/28.png,https://raw.githubusercontent.com/PokeAPI/sprites/master/sprites/pokemon/other/showdown/28.gif
29,nidoran-f,니드런♀,4,70,['poison'],https://raw.githubusercontent.com/PokeAPI/sprites/master/sprites/pokemon/29.png,https://raw.githubusercontent.com/PokeAPI/sprites/master/sprites/pokemon/other/showdown/29.gif
30,nidorina,니드리나,8,200,['poison'],https://raw.githubusercontent.com/PokeAPI/sprites/master/sprites/pokemon/30.png,https://raw.githubusercontent.com/PokeAPI/sprites/master/sprites/pokemon/other/showdown/30.gif
31,nidoqueen,니드퀸,13,600,"['poison', 'ground']",https://raw.githubusercontent.com/PokeAPI/sprites/master/sprites/pokemon/31.png,https://raw.githubusercontent.com/PokeAPI/sprites/master/sprites/pokemon/other/showdown/31.gif
32,nidoran-m,니드런♂,5,90,['poison'],https://raw.githubusercontent.com/PokeAPI/sprites/master/sprites/pokemon/32.png,https://raw.githubusercontent.com/PokeAPI/sprites/master/sprites/pokemon/other/showdown/32.gif
33,nidorino,니드리노,9,195,['poison'],https://raw.githubusercontent.com/PokeAPI/sprites/master/sprites/pokemon/33.png,https://raw.githubusercontent.com/PokeAPI/sprites/master/sprites/pokemon/other/showdown/33.gif
34,nidoking,니드킹,14,620,"['poison', 'ground']",https://raw.githubusercontent.com/PokeAPI/sprites/master/sprites/pokemon/34.png,https://raw.githubusercontent.com/PokeAPI/sprites/master/sprites/pokemon/other/showdown/34.gif
35,clefairy,삐삐,6,75,['fairy'],https://raw.githubusercontent.com/PokeAPI/sprites/master/sprites/pokemon/35.png,https://raw.githubusercontent.com/PokeAPI/sprites/master/sprites/pokemon/other/showdown/35.gif
36,clefable,픽시,13,400,['fairy'],https://raw.githubusercontent.com/PokeAPI/sprites/master/sprites/pokemon/36.png,https://raw.githubusercontent.com/PokeAPI/sprites/master/sprites/pokemon/other/showdown/36.gif
37,vulpix,식스테일,6,99,['fire'],https://raw.githubusercontent.com/PokeAPI/sprites/master/sprites/pokemon/37.png,https://raw.githubusercontent.com/PokeAPI/sprites/master/sprites/pokemon/other/showdown/37.gif
38,ninetales,나인테일,11,199,['fire'],https://raw.githubusercontent.com/PokeAPI/sprites/master/sprites/pokemon/38.png,https://raw.githubusercontent.com/PokeAPI/sprites/master/sprites/pokemon/other/showdown/38.gif
39,jigglypuff,푸린,5,55,"['normal', 'fairy']",https://raw.githubusercontent.com/PokeAPI/sprites/master/sprites/pokemon/39.png,https://raw.githubusercontent.com/PokeAPI/sprites/master/sprites/pokemon/other/showdown/39.gif
40,wigglytuff,푸크린,10,120,"['normal', 'fairy']",https://raw.githubusercontent.com/PokeAPI/sprites/master/sprites/pokemon/40.png,https://raw.githubusercontent.com/PokeAPI/sprites/master/sprites/pokemon/other/showdown/40.gif
41,zubat,주뱃,8,75,"['poison', 'flying']",https://raw.githubusercontent.com/PokeAPI/sprites/master/sprites/pokemon/41.png,https://raw.githubusercontent.com/PokeAPI/sprites/master/sprites/pokemon/other/showdown/41.gif
42,golbat,골뱃,16,550,"['poison', 'flying']",https://raw.githubusercontent.com/PokeAPI/sprites/master/sprites/pokemon/42.png,https://raw.githubusercontent.com/PokeAPI/sprites/master/sprites/pokemon/other/showdown/42.gif
43,oddish,뚜벅쵸,5,54,"['grass', 'poison']",https://raw.githubusercontent.com/PokeAPI/sprites/master/sprites/pokemon/43.png,https://raw.githubusercontent.com/PokeAPI/sprites/master/sprites/pokemon/other/showdown/43.gif
44,gloom,냄새꼬,8,86,"['grass', 'poison']",https://raw.githubusercontent.com/PokeAPI/sprites/master/sprites/pokemon/44.png,https://raw.githubusercontent.com/PokeAPI/sprites/master/sprites/pokemon/other/showdown/44.gif
45,vileplume,라플레시아,12,186,"['grass', 'poison']",https://raw.githubusercontent.com/PokeAPI/sprites/master/sprites/pokemon/45.png,https://raw.githubusercontent.com/PokeAPI/sprites/master/sprites/pokemon/other/showdown/45.gif
46,paras,파라스,3,54,"['bug', 'grass']",https://raw.githubusercontent.com/PokeAPI/sprites/master/sprites/pokemon/46.png,https://raw.githubusercontent.com/PokeAPI/sprites/master/sprites/pokemon/other/showdown/46.gif
47,parasect,파라섹트,10,295,"['bug', 'grass']",https://raw.githubusercontent.com/PokeAPI/sprites/master/sprites/pokemon/47.png,https://raw.githubusercontent.com/PokeAPI/sprites/master/sprites/pokemon/other/showdown/47.gif
48,venonat,콘팡,10,300,"['bug', 'poison']",https://raw.githubusercontent.com/PokeAPI/sprites/master/sprites/pokemon/48.png,https://raw.githubusercontent.com/PokeAPI/sprites/master/sprites/pokemon/other/showdown/48.gif
49,venomoth,도나리,15,125,"['bug', 'poison']",https://raw.githubusercontent.com/PokeAPI/sprites/master/sprites/pokemon/49.png,https://raw.githubusercontent.com/PokeAPI/sprites/master/sprites/pokemon/other/showdown/49.gif
50,diglett,디그다,2,8,['ground'],https://raw.githubusercontent.com/PokeAPI/sprites/master/sprites/pokemon/50.png,https://raw.githubusercontent.com/PokeAPI/sprites/master/sprites/pokemon/other/showdown/50.gif
51,dugtrio,닥트리오,7,333,['ground'],https://raw.githubusercontent.com/PokeAPI/sprites/master/sprites/pokemon/51.png,https://raw.githubusercontent.com/PokeAPI/sprites/master/sprites/pokemon/other/showdown/51.gif
52,meowth,나옹,4,42,['normal'],https://raw.githubusercontent.com/PokeAPI/sprites/master/sprites/pokemon/52.png,https://raw.githubusercontent.com/PokeAPI/sprites/master/sprites/pokemon/other/showdown/52.gif
53,persian,페르시온,10,320,['normal'],https://raw.githubusercontent.com/PokeAPI/sprites/master/sprites/pokemon/53.png,https://raw.githubusercontent.com/PokeAPI/sprites/master/sprites/pokemon/other/showdown/53.gif
54,psyduck,고라파덕,8,196,['water'],https://raw.githubusercontent.com/PokeAPI/sprites/master/sprites/pokemon/54.png,https://raw.githubusercontent.com/PokeAPI/sprites/master/sprites/pokemon/other/showdown/54.gif
55,golduck,골덕,17,766,['water'],https://raw.githubusercontent.com/PokeAPI/sprites/master/sprites/pokemon/55.png,https://raw.githubusercontent.com/PokeAPI/sprites/master/sprites/pokemon/other/showdown/55.gif
56,mankey,망키,5,280,['fighting'],https://raw.githubusercontent.com/PokeAPI/sprites/master/sprites/pokemon/56.png,https://raw.githubusercontent.com/PokeAPI/sprites/master/sprites/pokemon/other/showdown/56.gif
57,primeape,성원숭,10,320,['fighting'],https://raw.githubusercontent.com/PokeAPI/sprites/master/sprites/pokemon/57.png,https://raw.githubusercontent.com/PokeAPI/sprites/master/sprites/pokemon/other/showdown/57.gif
58,growlithe,가디,7,190,['fire'],https://raw.githubusercontent.com/PokeAPI/sprites/master/sprites/pokemon/58.png,https://raw.githubusercontent.com/PokeAPI/sprites/master/sprites/pokemon/other/showdown/58.gif
59,arcanine,윈디,19,1550,['fire'],https://raw.githubusercontent.com/PokeAPI/sprites/master/sprites/pokemon/59.png,https://raw.githubusercontent.com/PokeAPI/sprites/master/sprites/pokemon/other/showdown/59.gif
60,poliwag,발챙이,6,124,['water'],https://raw.githubusercontent.com/PokeAPI/sprites/master/sprites/pokemon/60.png,https://raw.githubusercontent.com/PokeAPI/sprites/master/sprites/pokemon/other/showdown/60.gif
61,poliwhirl,슈륙챙이,10,200,['water'],https://raw.githubusercontent.com/PokeAPI/sprites/master/sprites/pokemon/61.png,https://raw.githubusercontent.com/PokeAPI/sprites/master/sprites/pokemon/other/showdown/61.gif
62,poliwrath,강챙이,13,540,"['water', 'fighting']",https://raw.githubusercontent.com/PokeAPI/sprites/master/sprites/pokemon/62.png,https://raw.githubusercontent.com/PokeAPI/sprites/master/sprites/pokemon/other/showdown/62.gif
63,abra,캐이시,9,195,['psychic'],https://raw.githubusercontent.com/PokeAPI/sprites/master/sprites/pokemon/63.png,https://raw.githubusercontent.com/PokeAPI/sprites/master/sprites/pokemon/other/showdown/63.gif
64,kadabra,윤겔라,13,565,['psychic'],https://raw.githubusercontent.com/PokeAPI/sprites/master/sprites/pokemon/64.png,https://raw.githubusercontent.com/PokeAPI/sprites/master/sprites/pokemon/other/showdown/64.gif
65,alakazam,후딘,15,480,['psychic'],https://raw.githubusercontent.com/PokeAPI/sprites/master/sprites/pokemon/65.png,https://raw.githubusercontent.com/PokeAPI/sprites/master/sprites/pokemon/other/showdown/65.gif
66,machop,알통몬,8,195,['fighting'],https://raw.githubusercontent.com/PokeAPI/sprites/master/sprites/pokemon/66.png,https://raw.githubusercontent.com/PokeAPI/sprites/master/sprites/pokemon/other/showdown/66.gif
67,machoke,근육몬,15,705,['fighting'],https://raw.githubusercontent.com/PokeAPI/sprites/master/sprites/pokemon/67.png,https://raw.githubusercontent.com/PokeAPI/sprites/master/sprites/pokemon/other/showdown/67.gif
68,machamp,괴력몬,16,1300,['fighting'],https://raw.githubusercontent.com/PokeAPI/sprites/master/sprites/pokemon/68.png,https://raw.githubusercontent.com/PokeAPI/sprites/master/sprites/pokemon/other/showdown/68.gif
69,bellsprout,모다피,7,40,"['grass', 'poison']",https://raw.githubusercontent.com/PokeAPI/sprites/master/sprites/pokemon/69.png,https://raw.githubusercontent.com/PokeAPI/sprites/master/sprites/pokemon/other/showdown/69.gif
70,weepinbell,우츠동,10,64,"['grass', 'poison']",https://raw.githubusercontent.com/PokeAPI/sprites/master/sprites/pokemon/70.png,https://raw.githubusercontent.com/PokeAPI/sprites/master/sprites/pokemon/other/showdown/70.gif
71,victreebel,우츠보트,17,155,"['grass', 'poison']",https://raw.githubusercontent.com/PokeAPI/sprites/master/sprites/pokemon/71.png,https://raw.githubusercontent.com/PokeAPI/sprites/master/sprites/pokemon/other/showdown/71.gif
72,tentacool,왕눈해,9,455,"['water', 'poison']",https://raw.githubusercontent.com/PokeAPI/sprites/master/sprites/pokemon/72.png,https://raw.githubusercontent.com/PokeAPI/sprites/master/sprites/pokemon/other/showdown/72.gif
73,tentacruel,독파리,16,550,"['water', 'poison']",https://raw.githubusercontent.com/PokeAPI/sprites/master/sprites/pokemon/73.png,https://raw.githubusercontent.com/PokeAPI/sprites/master/sprites/pokemon/other/showdown/73.gif
74,geodude,꼬마돌,4,200,"['rock', 'ground']",https://raw.githubusercontent.com/PokeAPI/sprites/master/sprites/pokemon/74.png,https://raw.githubusercontent.com/PokeAPI/sprites/master/sprites/pokemon/other/showdown/74.gif
75,graveler,데구리,10,1050,"['rock', 'ground']",https://raw.githubusercontent.com/PokeAPI/sprites/master/sprites/pokemon/75.png,https://raw.githubusercontent.com/PokeAPI/sprites/master/sprites/pokemon/other/showdown/75.gif
76,golem,딱구리,14,3000,"['rock', 'ground']",https://raw.githubusercontent.com/PokeAPI/sprites/master/sprites/pokemon/76.png,https://raw.githubusercontent.com/PokeAPI/sprites/master/sprites/pokemon/other/showdown/76.gif
77,ponyta,포니타,10,300,['fire'],https://raw.githubusercontent.com/PokeAPI/sprites/master/sprites/pokemon/77.png,https://raw.githubusercontent.com/PokeAPI/sprites/master/sprites/pokemon/other/showdown/77.gif
78,rapidash,날쌩마,17,950,['fire'],https://raw.githubusercontent.com/PokeAPI/sprites/master/sprites/pokemon/78.png,https://raw.githubusercontent.com/PokeAPI/sprites/master/sprites/pokemon/other/showdown/78.gif
79,slowpoke,야돈,12,360,"['water', 'psychic']",https://raw.githubusercontent.com/PokeAPI/sprites/master/sprites/pokemon/79.png,https://raw.githubusercontent.com/PokeAPI/sprites/master/sprites/pokemon/other/showdown/79.gif
80,slowbro,야도란,16,785,"['water', 'psychic']",https://raw.githubusercontent.com/PokeAPI/sprites/master/sprites/pokemon/80.png,https://raw.githubusercontent.com/PokeAPI/sprites/master/sprites/pokemon/other/showdown/80.gif
81,magnemite,코일,3,60,"['electric', 'steel']",https://raw.githubusercontent.com/PokeAPI/sprites/master/sprites/pokemon/81.png,https://raw.githubusercontent.com/PokeAPI/sprites/master/sprites/pokemon/other/showdown/81.gif
82,magneton,레어코일,10,600,"['electric', 'steel']",https://raw.githubusercontent.com/PokeAPI/sprites/master/sprites/pokemon/82.png,https://raw.githubusercontent.com/PokeAPI/sprites/master/sprites/pokemon/other/showdown/82.gif
83,farfetchd,파오리,8,150,"['normal', 'flying']",https://raw.githubusercontent.com/PokeAPI/sprites/master/sprites/pokemon/83.png,https://raw.githubusercontent.com/PokeAPI/sprites/master/sprites/pokemon/other/showdown/83.gif
84,doduo,두두,14,392,"['normal', 'flying']",https://raw.githubusercontent.com/PokeAPI/sprites/master/sprites/pokemon/84.png,https://raw.githubusercontent.com/PokeAPI/sprites/master/sprites/pokemon/other/showdown/84.gif
85,dodrio,두트리오,18,852,"['normal', 'flying']",https://raw.githubusercontent.com/PokeAPI/sprites/master/sprites/pokemon/85.png,https://raw.githubusercontent.com/PokeAPI/sprites/master/sprites/pokemon/other/showdown/85.gif
86,seel,쥬쥬,11,900,['water'],https://raw.githubusercontent.com/PokeAPI/sprites/master/sprites/pokemon/86.png,https://raw.githubusercontent.com/PokeAPI/sprites/master/sprites/pokemon/other/showdown/86.gif
87,dewgong,쥬레곤,17,1200,"['water', 'ice']",https://raw.githubusercontent.com/PokeAPI/sprites/master/sprites/pokemon/87.png,https://raw.githubusercontent.com/PokeAPI/sprites/master/sprites/pokemon/other/showdown/87.gif
88,grimer,질퍽이,9,300,['poison'],https://raw.githubusercontent.com/PokeAPI/sprites/master/sprites/pokemon/88.png,https://raw.githubusercontent.com/PokeAPI/sprites/master/sprites/pokemon/other/showdown/88.gif
89,muk,질뻐기,12,300,['poison'],https://raw.githubusercontent.com/PokeAPI/sprites/master/sprites/pokemon/89.png,https://raw.githubusercontent.com/PokeAPI/sprites/master/sprites/pokemon/other/showdown/89.gif
90,shellder,셀러,3,40,['water'],https://raw.githubusercontent.com/PokeAPI/sprites/master/sprites/pokemon/90.png,https://raw.githubusercontent.com/PokeAPI/sprites/master/sprites/pokemon/other/showdown/90.gif
91,cloyster,파르셀,15,1325,"['water', 'ice']",https://raw.githubusercontent.com/PokeAPI/sprites/master/sprites/pokemon/91.png,https://raw.githubusercontent.com/PokeAPI/sprites/master/sprites/pokemon/other/showdown/91.gif
92,gastly,고오스,13,1,"['ghost', 'poison']",https://raw.githubusercontent.com/PokeAPI/sprites/master/sprites/pokemon/92.png,https://raw.githubusercontent.com/PokeAPI/sprites/master/sprites/pokemon/other/showdown/92.gif
93,haunter,고우스트,16,1,"['ghost', 'poison']",https://raw.githubusercontent.com/PokeAPI/sprites/master/sprites/pokemon/93.png,https://raw.githubusercontent.com/PokeAPI/sprites/master/sprites/pokemon/other/showdown/93.gif
94,gengar,팬텀,15,405,"['ghost', 'poison']",https://raw.githubusercontent.com/PokeAPI/sprites/master/sprites/pokemon/94.png,https://raw.githubusercontent.com/PokeAPI/sprites/master/sprites/pokemon/other/showdown/94.gif
95,onix,롱스톤,88,2100,"['rock', 'ground']",https://raw.githubusercontent.com/PokeAPI/sprites/master/sprites/pokemon/95.png,https://raw.githubusercontent.com/PokeAPI/sprites/master/sprites/pokemon/other/showdown/95.gif
96,drowzee,슬리프,10,324,['psychic'],https://raw.githubusercontent.com/PokeAPI/sprites/master/sprites/pokemon/96.png,https://raw.githubusercontent.com/PokeAPI/sprites/master/sprites/pokemon/other/showdown/96.gif
97,hypno,슬리퍼,16,756,['psychic'],https://raw.githubusercontent.com/PokeAPI/sprites/master/sprites/pokemon/97.png,https://raw.githubusercontent.com/PokeAPI/sprites/master/sprites/pokemon/other/showdown/97.gif
98,krabby,크랩,4,65,['water'],https://raw.githubusercontent.com/PokeAPI/sprites/master/sprites/pokemon/98.png,https://raw.githubusercontent.com/PokeAPI/sprites/master/sprites/pokemon/other/showdown/98.gif
99,kingler,킹크랩,13,600,['water'],https://raw.githubusercontent.com/PokeAPI/sprites/master/sprites/pokemon/99.png,https://raw.githubusercontent.com/PokeAPI/sprites/master/sprites/pokemon/other/showdown/99.gif
100,voltorb,찌리리공,5,104,['electric'],https://raw.githubusercontent.com/PokeAPI/sprites/master/sprites/pokemon/100.png,https://raw.githubusercontent.com/PokeAPI/sprites/master/sprites/pokemon/other/showdown/100.gif
101,electrode,붐볼,12,666,['electric'],https://raw.githubusercontent.com/PokeAPI/sprites/master/sprites/pokemon/101.png,https://raw.githubusercontent.com/PokeAPI/sprites/master/sprites/pokemon/other/showdown/101.gif
102,exeggcute,아라리,4,25,"['grass', 'psychic']",https://raw.githubusercontent.com/PokeAPI/sprites/master/sprites/pokemon/102.png,https://raw.githubusercontent.com/PokeAPI/sprites/master/sprites/pokemon/other/showdown/102.gif
103,exeggutor,나시,20,1200,"['grass', 'psychic']",https://raw.githubusercontent.com/PokeAPI/sprites/master/sprites/pokemon/103.png,https://raw.githubusercontent.com/PokeAPI/sprites/master/sprites/pokemon/other/showdown/103.gif
104,cubone,탕구리,4,65,['ground'],https://raw.githubusercontent.com/PokeAPI/sprites/master/sprites/pokemon/104.png,https://raw.githubusercontent.com/PokeAPI/sprites/master/sprites/pokemon/other/showdown/104.gif
105,marowak,텅구리,10,450,['ground'],https://raw.githubusercontent.com/PokeAPI/sprites/master/sprites/pokemon/105.png,https://raw.githubusercontent.com/PokeAPI/sprites/master/sprites/pokemon/other/showdown/105.gif
106,hitmonlee,시라소몬,15,498,['fighting'],https://raw.githubusercontent.com/PokeAPI/sprites/master/sprites/pokemon/106.png,https://raw.githubusercontent.com/PokeAPI/sprites/master/sprites/pokemon/other/showdown/106.gif
107,hitmonchan,홍수몬,14,502,['fighting'],https://raw.githubusercontent.com/PokeAPI/sprites/master/sprites/pokemon/107.png,https://raw.githubusercontent.com/PokeAPI/sprites/master/sprites/pokemon/other/showdown/107.gif
108,lickitung,내루미,12,655,['normal'],https://raw.githubusercontent.com/PokeAPI/sprites/master/sprites/pokemon/108.png,https://raw.githubusercontent.com/PokeAPI/sprites/master/sprites/pokemon/other/showdown/108.gif
109,koffing,또가스,6,10,['poison'],https://raw.githubusercontent.com/PokeAPI/sprites/master/sprites/pokemon/109.png,https://raw.githubusercontent.com/PokeAPI/sprites/master/sprites/pokemon/other/showdown/109.gif
110,weezing,또도가스,12,95,['poison'],https://raw.githubusercontent.com/PokeAPI/sprites/master/sprites/pokemon/110.png,https://raw.githubusercontent.com/PokeAPI/sprites/master/sprites/pokemon/other/showdown/110.gif
111,rhyhorn,뿔카노,10,1150,"['ground', 'rock']",https://raw.githubusercontent.com/PokeAPI/sprites/master/sprites/pokemon/111.png,https://raw.githubusercontent.com/PokeAPI/sprites/master/sprites/pokemon/other/showdown/111.gif
112,rhydon,코뿌리,19,1200,"['ground', 'rock']",https://raw.githubusercontent.com/PokeAPI/sprites/master/sprites/pokemon/112.png,https://raw.githubusercontent.com/PokeAPI/sprites/master/sprites/pokemon/other/showdown/112.gif
113,chansey,럭키,11,346,['normal'],https://raw.githubusercontent.com/PokeAPI/sprites/master/sprites/pokemon/113.png,https://raw.githubusercontent.com/PokeAPI/sprites/master/sprites/pokemon/other/showdown/113.gif
114,tangela,덩쿠리,10,350,['grass'],https://raw.githubusercontent.com/PokeAPI/sprites/master/sprites/pokemon/114.png,https://raw.githubusercontent.com/PokeAPI/sprites/master/sprites/pokemon/other/showdown/114.gif
115,kangaskhan,캥카,22,800,['normal'],https://raw.githubusercontent.com/PokeAPI/sprites/master/sprites/pokemon/115.png,https://raw.githubusercontent.com/PokeAPI/sprites/master/sprites/pokemon/other/showdown/115.gif
116,horsea,쏘드라,4,80,['water'],https://raw.githubusercontent.com/PokeAPI/sprites/master/sprites/pokemon/116.png,https://raw.githubusercontent.com/PokeAPI/sprites/master/sprites/pokemon/other/showdown/116.gif
117,seadra,시드라,12,250,['water'],https://raw.githubusercontent.com/PokeAPI/sprites/master/sprites/pokemon/117.png,https://raw.githubusercontent.com/PokeAPI/sprites/master/sprites/pokemon/other/showdown/117.gif
118,goldeen,콘치,6,150,['water'],https://raw.githubusercontent.com/PokeAPI/sprites/master/sprites/pokemon/118.png,https://raw.githubusercontent.com/PokeAPI/sprites/master/sprites/pokemon/other/showdown/118.gif
119,seaking,왕콘치,13,390,['water'],https://raw.githubusercontent.com/PokeAPI/sprites/master/sprites/pokemon/119.png,https://raw.githubusercontent.com/PokeAPI/sprites/master/sprites/pokemon/other/showdown/119.gif
120,staryu,별가사리,8,345,['water'],https://raw.githubusercontent.com/PokeAPI/sprites/master/sprites/pokemon/120.png,https://raw.githubusercontent.com/PokeAPI/sprites/master/sprites/pokemon/other/showdown/120.gif
121,starmie,아쿠스타,11,800,"['water', 'psychic']",https://raw.githubusercontent.com/PokeAPI/sprites/master/sprites/pokemon/121.png,https://raw.githubusercontent.com/PokeAPI/sprites/master/sprites/pokemon/other/showdown/121.gif
122,mr-mime,마임맨,13,545,"['psychic', 'fairy']",https://raw.githubusercontent.com/PokeAPI/sprites/master/sprites/pokemon/122.png,https://raw.githubusercontent.com/PokeAPI/sprites/master/sprites/pokemon/other/showdown/122.gif
123,scyther,스라크,15,560,"['bug', 'flying']",https://raw.githubusercontent.com/PokeAPI/sprites/master/sprites/pokemon/123.png,https://raw.githubusercontent.com/PokeAPI/sprites/master/sprites/pokemon/other/showdown/123.gif
124,jynx,루주라,14,406,"['ice', 'psychic']",https://raw.githubusercontent.com/PokeAPI/sprites/master/sprites/pokemon/124.png,https://raw.githubusercontent.com/PokeAPI/sprites/master/sprites/pokemon/other/showdown/124.gif
125,electabuzz,에레브,11,300,['electric'],https://raw.githubusercontent.com/PokeAPI/sprites/master/sprites/pokemon/125.png,https://raw.githubusercontent.com/PokeAPI/sprites/master/sprites/pokemon/other/showdown/125.gif
126,magmar,마그마,13,445,['fire'],https://raw.githubusercontent.com/PokeAPI/sprites/master/sprites/pokemon/126.png,https://raw.githubusercontent.com/PokeAPI/sprites/master/sprites/pokemon/other/showdown/126.gif
127,pinsir,쁘사이저,15,550,['bug'],https://raw.githubusercontent.com/PokeAPI/sprites/master/sprites/pokemon/127.png,https://raw.githubusercontent.com/PokeAPI/sprites/master/sprites/pokemon/other/showdown/127.gif
128,tauros,켄타로스,14,884,['normal'],https://raw.githubusercontent.com/PokeAPI/sprites/master/sprites/pokemon/128.png,https://raw.githubusercontent.com/PokeAPI/sprites/master/sprites/pokemon/other/showdown/128.gif
129,magikarp,잉어킹,9,100,['water'],https://raw.githubusercontent.com/PokeAPI/sprites/master/sprites/pokemon/129.png,https://raw.githubusercontent.com/PokeAPI/sprites/master/sprites/pokemon/other/showdown/129.gif
130,gyarados,갸라도스,65,2350,"['water', 'flying']",https://raw.githubusercontent.com/PokeAPI/sprites/master/sprites/pokemon/130.png,https://raw.githubusercontent.com/PokeAPI/sprites/master/sprites/pokemon/other/showdown/130.gif
131,lapras,라프라스,25,2200,"['water', 'ice']",https://raw.githubusercontent.com/PokeAPI/sprites/master/sprites/pokemon/131.png,https://raw.githubusercontent.com/PokeAPI/sprites/master/sprites/pokemon/other/showdown/131.gif
132,ditto,메타몽,3,40,['normal'],https://raw.githubusercontent.com/PokeAPI/sprites/master/sprites/pokemon/132.png,https://raw.githubusercontent.com/PokeAPI/sprites/master/sprites/pokemon/other/showdown/132.gif
133,eevee,이브이,3,65,['normal'],https://raw.githubusercontent.com/PokeAPI/sprites/master/sprites/pokemon/133.png,https://raw.githubusercontent.com/PokeAPI/sprites/master/sprites/pokemon/other/showdown/133.gif
134,vaporeon,샤미드,10,290,['water'],https://raw.githubusercontent.com/PokeAPI/sprites/master/sprites/pokemon/134.png,https://raw.githubusercontent.com/PokeAPI/sprites/master/sprites/pokemon/other/showdown/134.gif
135,jolteon,쥬피썬더,8,245,['electric'],https://raw.githubusercontent.com/PokeAPI/sprites/master/sprites/pokemon/135.png,https://raw.githubusercontent.com/PokeAPI/sprites/master/sprites/pokemon/other/showdown/135.gif
136,flareon,부스터,9,250,['fire'],https://raw.githubusercontent.com/PokeAPI/sprites/master/sprites/pokemon/136.png,https://raw.githubusercontent.com/PokeAPI/sprites/master/sprites/pokemon/other/showdown/136.gif
137,porygon,폴리곤,8,365,['normal'],https://raw.githubusercontent.com/PokeAPI/sprites/master/sprites/pokemon/137.png,https://raw.githubusercontent.com/PokeAPI/sprites/master/sprites/pokemon/other/showdown/137.gif
138,omanyte,암나이트,4,75,"['rock', 'water']",https://raw.githubusercontent.com/PokeAPI/sprites/master/sprites/pokemon/138.png,https://raw.githubusercontent.com/PokeAPI/sprites/master/sprites/pokemon/other/showdown/138.gif
139,omastar,암스타,10,350,"['rock', 'water']",https://raw.githubusercontent.com/PokeAPI/sprites/master/sprites/pokemon/139.png,https://raw.githubusercontent.com/PokeAPI/sprites/master/sprites/pokemon/other/showdown/139.gif
140,kabuto,투구,5,115,"['rock', 'water']",https://raw.githubusercontent.com/PokeAPI/sprites/master/sprites/pokemon/140.png,https://raw.githubusercontent.com/PokeAPI/sprites/master/sprites/pokemon/other/showdown/140.gif
141,kabutops,투구푸스,13,405,"['rock', 'water']",https://raw.githubusercontent.com/PokeAPI/sprites/master/sprites/pokemon/141.png,https://raw.githubusercontent.com/PokeAPI/sprites/master/sprites/pokemon/other/showdown/141.gif
142,aerodactyl,프테라,18,590,"['rock', 'flying']",https://raw.githubusercontent.com/PokeAPI/sprites/master/sprites/pokemon/142.png,https://raw.githubusercontent.com/PokeAPI/sprites/master/sprites/pokemon/other/showdown/142.gif
143,snorlax,잠만보,21,4600,['normal'],https://raw.githubusercontent.com/PokeAPI/sprites/master/sprites/pokemon/143.png,https://raw.githubusercontent.com/PokeAPI/sprites/master/sprites/pokemon/other/showdown/143.gif
144,articuno,프리져,17,554,"['ice', 'flying']",https://raw.githubusercontent.com/PokeAPI/sprites/master/sprites/pokemon/144.png,https://raw.githubusercontent.com/PokeAPI/sprites/master/sprites/pokemon/other/showdown/144.gif
145,zapdos,썬더,16,526,"['electric', 'flying']",https://raw.githubusercontent.com/PokeAPI/sprites/master/sprites/pokemon/145.png,https://raw.githubusercontent.com/PokeAPI/sprites/master/sprites/pokemon/other/showdown/145.gif
146,moltres,파이어,20,600,"['fire', 'flying']",https://raw.githubusercontent.com/PokeAPI/sprites/master/sprites/pokemon/146.png,https://raw.githubusercontent.com/PokeAPI/sprites/master/sprites/pokemon/other/showdown/146.gif
147,dratini,미뇽,18,33,['dragon'],https://raw.githubusercontent.com/PokeAPI/sprites/master/sprites/pokemon/147.png,https://raw.githubusercontent.com/PokeAPI/sprites/master/sprites/pokemon/other/showdown/147.gif
148,dragonair,신뇽,40,165,['dragon'],https://raw.githubusercontent.com/PokeAPI/sprites/master/sprites/pokemon/148.png,https://raw.githubusercontent.com/PokeAPI/sprites/master/sprites/pokemon/other/showdown/148.gif
149,dragonite,망나뇽,22,2100,"['dragon', 'flying']",https://raw.githubusercontent.com/PokeAPI/sprites/master/sprites/pokemon/149.png,https://raw.githubusercontent.com/PokeAPI/sprites/master/sprites/pokemon/other/showdown/149.gif
150,mewtwo,뮤츠,20,1220,['psychic'],https://raw.githubusercontent.com/PokeAPI/sprites/master/sprites/pokemon/150.png,https://raw.githubusercontent.com/PokeAPI/sprites/master/sprites/pokemon/other/showdown/150.gif
